fold,feature_index,feature_name,feature_family,normalized_gain
1,0,MFCC 0 — mean,MFCC,0.0014961969608926502
1,1,MFCC 1 — mean,MFCC,0.0015700800126219857
1,2,MFCC 2 — mean,MFCC,0.018384572257468024
1,3,MFCC 3 — mean,MFCC,0.010160319383789454
1,4,MFCC 4 — mean,MFCC,0.0185333965443201
1,5,MFCC 5 — mean,MFCC,0.005012871898357317
1,6,MFCC 6 — mean,MFCC,0.0016845043465086227
1,7,MFCC 7 — mean,MFCC,0.007560697797069798
1,8,MFCC 8 — mean,MFCC,0.0
1,9,MFCC 9 — mean,MFCC,0.0
1,10,MFCC 10 — mean,MFCC,0.0
1,11,MFCC 11 — mean,MFCC,0.001633460151248743
1,12,MFCC 12 — mean,MFCC,0.0062158288461419305
1,13,MFCC 0 — SD,MFCC,0.02295837052587688
1,14,MFCC 1 — SD,MFCC,0.004585758264073433
1,15,MFCC 2 — SD,MFCC,0.01512924687468001
1,16,MFCC 3 — SD,MFCC,0.013658862662880824
1,17,MFCC 4 — SD,MFCC,0.008910351927391588
1,18,MFCC 5 — SD,MFCC,0.003915355060486185
1,19,MFCC 6 — SD,MFCC,0.0
1,20,MFCC 7 — SD,MFCC,0.02507783401578845
1,21,MFCC 8 — SD,MFCC,0.005267672366212837
1,22,MFCC 9 — SD,MFCC,0.0015495724077202685
1,23,MFCC 10 — SD,MFCC,0.004190355234625402
1,24,MFCC 11 — SD,MFCC,0.004408037141621848
1,25,MFCC 12 — SD,MFCC,0.025850847990637103
1,26,MFCC Δ 0 — mean,MFCC Δ,0.0036352481179867096
1,27,MFCC Δ 1 — mean,MFCC Δ,0.004629470204057016
1,28,MFCC Δ 2 — mean,MFCC Δ,0.027758163695530524
1,29,MFCC Δ 3 — mean,MFCC Δ,0.0036477549222693408
1,30,MFCC Δ 4 — mean,MFCC Δ,0.0047416558975557025
1,31,MFCC Δ 5 — mean,MFCC Δ,0.003705253311445845
1,32,MFCC Δ 6 — mean,MFCC Δ,0.012188820978227752
1,33,MFCC Δ 7 — mean,MFCC Δ,0.007905832551881653
1,34,MFCC Δ 8 — mean,MFCC Δ,0.010705179140494145
1,35,MFCC Δ 9 — mean,MFCC Δ,0.04030168388171752
1,36,MFCC Δ 10 — mean,MFCC Δ,0.016737935817060155
1,37,MFCC Δ 11 — mean,MFCC Δ,0.016365263060828753
1,38,MFCC Δ 12 — mean,MFCC Δ,0.0017265349238121976
1,39,MFCC Δ 0 — SD,MFCC Δ,0.004001900879093679
1,40,MFCC Δ 1 — SD,MFCC Δ,0.0
1,41,MFCC Δ 2 — SD,MFCC Δ,0.0021397677528750578
1,42,MFCC Δ 3 — SD,MFCC Δ,0.0020841422570358915
1,43,MFCC Δ 4 — SD,MFCC Δ,0.001474406624041317
1,44,MFCC Δ 5 — SD,MFCC Δ,0.004487411633655315
1,45,MFCC Δ 6 — SD,MFCC Δ,0.011936016616844418
1,46,MFCC Δ 7 — SD,MFCC Δ,0.0
1,47,MFCC Δ 8 — SD,MFCC Δ,0.02115800704329041
1,48,MFCC Δ 9 — SD,MFCC Δ,0.0
1,49,MFCC Δ 10 — SD,MFCC Δ,0.0
1,50,MFCC Δ 11 — SD,MFCC Δ,0.00134622765088873
1,51,MFCC Δ 12 — SD,MFCC Δ,0.004770129674548411
1,52,MFCC Δ² 0 — mean,MFCC Δ²,0.001692785128172691
1,53,MFCC Δ² 1 — mean,MFCC Δ²,0.011204857526495944
1,54,MFCC Δ² 2 — mean,MFCC Δ²,0.008351118915583784
1,55,MFCC Δ² 3 — mean,MFCC Δ²,0.0025406967169362134
1,56,MFCC Δ² 4 — mean,MFCC Δ²,0.0
1,57,MFCC Δ² 5 — mean,MFCC Δ²,0.0
1,58,MFCC Δ² 6 — mean,MFCC Δ²,0.002636975299443932
1,59,MFCC Δ² 7 — mean,MFCC Δ²,0.0037304250301122533
1,60,MFCC Δ² 8 — mean,MFCC Δ²,0.0035095151537333376
1,61,MFCC Δ² 9 — mean,MFCC Δ²,0.01320842335944764
1,62,MFCC Δ² 10 — mean,MFCC Δ²,0.026812836017377103
1,63,MFCC Δ² 11 — mean,MFCC Δ²,0.023661094494333772
1,64,MFCC Δ² 12 — mean,MFCC Δ²,0.009301128155985045
1,65,MFCC Δ² 0 — SD,MFCC Δ²,0.005794054984577888
1,66,MFCC Δ² 1 — SD,MFCC Δ²,0.013731251856014447
1,67,MFCC Δ² 2 — SD,MFCC Δ²,0.0027333593781651484
1,68,MFCC Δ² 3 — SD,MFCC Δ²,0.0036691529366880355
1,69,MFCC Δ² 4 — SD,MFCC Δ²,0.0
1,70,MFCC Δ² 5 — SD,MFCC Δ²,0.0
1,71,MFCC Δ² 6 — SD,MFCC Δ²,0.004427791777366158
1,72,MFCC Δ² 7 — SD,MFCC Δ²,0.0
1,73,MFCC Δ² 8 — SD,MFCC Δ²,0.0064191374980352624
1,74,MFCC Δ² 9 — SD,MFCC Δ²,0.008868384835722852
1,75,MFCC Δ² 10 — SD,MFCC Δ²,0.0
1,76,MFCC Δ² 11 — SD,MFCC Δ²,0.0
1,77,MFCC Δ² 12 — SD,MFCC Δ²,0.007019016348680156
1,78,Spectral centroid — mean,Spectral centroid,0.002419525591492462
1,79,Spectral centroid — SD,Spectral centroid,0.015147389002143198
1,80,Spectral bandwidth — mean,Spectral bandwidth,0.0037818934919508435
1,81,Spectral bandwidth — SD,Spectral bandwidth,0.02224579165413772
1,82,Spectral flatness — mean,Spectral flatness,0.002746248706886035
1,83,Spectral flatness — SD,Spectral flatness,0.008956134062791188
1,84,Spectral contrast band 0 — mean,Spectral contrast,0.004670569166579563
1,85,Spectral contrast band 1 — mean,Spectral contrast,0.009380691091636514
1,86,Spectral contrast band 2 — mean,Spectral contrast,0.014967854311196979
1,87,Spectral contrast band 3 — mean,Spectral contrast,0.017875643491015503
1,88,Spectral contrast band 4 — mean,Spectral contrast,0.002567715290434338
1,89,Spectral contrast band 5 — mean,Spectral contrast,0.009444018884813827
1,90,Spectral contrast band 6 — mean,Spectral contrast,0.00631676322083007
1,91,Spectral contrast band 0 — SD,Spectral contrast,0.003668638340654256
1,92,Spectral contrast band 1 — SD,Spectral contrast,0.03939011928689462
1,93,Spectral contrast band 2 — SD,Spectral contrast,0.0
1,94,Spectral contrast band 3 — SD,Spectral contrast,0.006460808233928675
1,95,Spectral contrast band 4 — SD,Spectral contrast,0.0
1,96,Spectral contrast band 5 — SD,Spectral contrast,0.014391969540825071
1,97,Spectral contrast band 6 — SD,Spectral contrast,0.014226772671139268
1,98,Spectral roll-off — mean,Spectral roll-off,0.0
1,99,Spectral roll-off — SD,Spectral roll-off,0.003358240831409012
1,100,Tonnetz dimension 0 — mean,Tonnetz,0.0029856078040315513
1,101,Tonnetz dimension 1 — mean,Tonnetz,0.03753770241562678
1,102,Tonnetz dimension 2 — mean,Tonnetz,0.007035204782907118
1,103,Tonnetz dimension 3 — mean,Tonnetz,0.013369081476009221
1,104,Tonnetz dimension 4 — mean,Tonnetz,0.01590128373447235
1,105,Tonnetz dimension 5 — mean,Tonnetz,0.008373641954508251
1,106,Tonnetz dimension 0 — SD,Tonnetz,0.007689256610278618
1,107,Tonnetz dimension 1 — SD,Tonnetz,0.0028330562527407567
1,108,Tonnetz dimension 2 — SD,Tonnetz,0.004118496743817695
1,109,Tonnetz dimension 3 — SD,Tonnetz,0.0032324082765825927
1,110,Tonnetz dimension 4 — SD,Tonnetz,0.017452393756215302
1,111,Tonnetz dimension 5 — SD,Tonnetz,0.02166931095095674
1,112,Zero-crossing rate — mean,Zero-crossing rate,0.003138365247423498
1,113,Zero-crossing rate — SD,Zero-crossing rate,0.0016412487514689228
1,114,Tempogram ratio bin 0 — mean,Tempogram ratio,0.0
1,115,Tempogram ratio bin 1 — mean,Tempogram ratio,0.0
1,116,Tempogram ratio bin 2 — mean,Tempogram ratio,0.0
1,117,Tempogram ratio bin 3 — mean,Tempogram ratio,0.0
1,118,Tempogram ratio bin 4 — mean,Tempogram ratio,0.011273823595674037
1,119,Tempogram ratio bin 5 — mean,Tempogram ratio,0.0
1,120,Tempogram ratio bin 6 — mean,Tempogram ratio,0.004056331824932679
1,121,Tempogram ratio bin 7 — mean,Tempogram ratio,0.0017785190554373762
1,122,Tempogram ratio bin 8 — mean,Tempogram ratio,0.002681687708607429
1,123,Tempogram ratio bin 9 — mean,Tempogram ratio,0.0
1,124,Tempogram ratio bin 10 — mean,Tempogram ratio,0.0
1,125,Tempogram ratio bin 11 — mean,Tempogram ratio,0.006136444690333182
1,126,Tempogram ratio bin 12 — mean,Tempogram ratio,0.001288629536920077
1,127,Tempogram ratio bin 0 — SD,Tempogram ratio,0.011482799514893997
1,128,Tempogram ratio bin 1 — SD,Tempogram ratio,0.0034278712851377588
1,129,Tempogram ratio bin 2 — SD,Tempogram ratio,0.0
1,130,Tempogram ratio bin 3 — SD,Tempogram ratio,0.004709503443438889
1,131,Tempogram ratio bin 4 — SD,Tempogram ratio,0.0035104541505649287
1,132,Tempogram ratio bin 5 — SD,Tempogram ratio,0.0
1,133,Tempogram ratio bin 6 — SD,Tempogram ratio,0.0025514417612972524
1,134,Tempogram ratio bin 7 — SD,Tempogram ratio,0.0066377820244251
1,135,Tempogram ratio bin 8 — SD,Tempogram ratio,0.006033311806768334
1,136,Tempogram ratio bin 9 — SD,Tempogram ratio,0.0
1,137,Tempogram ratio bin 10 — SD,Tempogram ratio,0.003480661805122599
1,138,Tempogram ratio bin 11 — SD,Tempogram ratio,0.0025696273757492096
1,139,Tempogram ratio bin 12 — SD,Tempogram ratio,0.004874260074472947
2,0,MFCC 0 — mean,MFCC,0.00400292848214523
2,1,MFCC 1 — mean,MFCC,0.0
2,2,MFCC 2 — mean,MFCC,0.026748390136279145
2,3,MFCC 3 — mean,MFCC,0.012120923353956935
2,4,MFCC 4 — mean,MFCC,0.0
2,5,MFCC 5 — mean,MFCC,0.004631355407774843
2,6,MFCC 6 — mean,MFCC,0.002857222821866594
2,7,MFCC 7 — mean,MFCC,0.016029499394352876
2,8,MFCC 8 — mean,MFCC,0.004085105992359119
2,9,MFCC 9 — mean,MFCC,0.013540319752043936
2,10,MFCC 10 — mean,MFCC,0.0
2,11,MFCC 11 — mean,MFCC,0.005797919497996677
2,12,MFCC 12 — mean,MFCC,0.0029715287945754378
2,13,MFCC 0 — SD,MFCC,0.023678292102798232
2,14,MFCC 1 — SD,MFCC,0.006470682192812479
2,15,MFCC 2 — SD,MFCC,0.0042112224754278105
2,16,MFCC 3 — SD,MFCC,0.004105528026606774
2,17,MFCC 4 — SD,MFCC,0.007484738429134557
2,18,MFCC 5 — SD,MFCC,0.0025325222166319456
2,19,MFCC 6 — SD,MFCC,0.0
2,20,MFCC 7 — SD,MFCC,0.010000978885579432
2,21,MFCC 8 — SD,MFCC,0.008520210964820559
2,22,MFCC 9 — SD,MFCC,0.001640734234628632
2,23,MFCC 10 — SD,MFCC,0.0
2,24,MFCC 11 — SD,MFCC,0.0
2,25,MFCC 12 — SD,MFCC,0.0
2,26,MFCC Δ 0 — mean,MFCC Δ,0.0
2,27,MFCC Δ 1 — mean,MFCC Δ,0.001419260743508436
2,28,MFCC Δ 2 — mean,MFCC Δ,0.0065541464147982
2,29,MFCC Δ 3 — mean,MFCC Δ,0.006089323727057007
2,30,MFCC Δ 4 — mean,MFCC Δ,0.014483805640425763
2,31,MFCC Δ 5 — mean,MFCC Δ,0.004734940387764701
2,32,MFCC Δ 6 — mean,MFCC Δ,0.007777631915363119
2,33,MFCC Δ 7 — mean,MFCC Δ,0.02070420861410812
2,34,MFCC Δ 8 — mean,MFCC Δ,0.00416296396112063
2,35,MFCC Δ 9 — mean,MFCC Δ,0.016524810381735762
2,36,MFCC Δ 10 — mean,MFCC Δ,0.008961154165721949
2,37,MFCC Δ 11 — mean,MFCC Δ,0.013592034381126907
2,38,MFCC Δ 12 — mean,MFCC Δ,0.0042991103209784574
2,39,MFCC Δ 0 — SD,MFCC Δ,0.003928600475622397
2,40,MFCC Δ 1 — SD,MFCC Δ,0.005756673014341283
2,41,MFCC Δ 2 — SD,MFCC Δ,0.014494769313031846
2,42,MFCC Δ 3 — SD,MFCC Δ,0.0038723313845348195
2,43,MFCC Δ 4 — SD,MFCC Δ,0.007805319362680513
2,44,MFCC Δ 5 — SD,MFCC Δ,0.012955053992839367
2,45,MFCC Δ 6 — SD,MFCC Δ,0.0018123534640914255
2,46,MFCC Δ 7 — SD,MFCC Δ,0.008489623666768474
2,47,MFCC Δ 8 — SD,MFCC Δ,0.0
2,48,MFCC Δ 9 — SD,MFCC Δ,0.003425741528355247
2,49,MFCC Δ 10 — SD,MFCC Δ,0.011775911218105692
2,50,MFCC Δ 11 — SD,MFCC Δ,0.0033080762987748352
2,51,MFCC Δ 12 — SD,MFCC Δ,0.0
2,52,MFCC Δ² 0 — mean,MFCC Δ²,0.0
2,53,MFCC Δ² 1 — mean,MFCC Δ²,0.011614358655381843
2,54,MFCC Δ² 2 — mean,MFCC Δ²,0.019345376767866657
2,55,MFCC Δ² 3 — mean,MFCC Δ²,0.0040380836203654895
2,56,MFCC Δ² 4 — mean,MFCC Δ²,0.006947488504350071
2,57,MFCC Δ² 5 — mean,MFCC Δ²,0.0
2,58,MFCC Δ² 6 — mean,MFCC Δ²,0.008220996028743517
2,59,MFCC Δ² 7 — mean,MFCC Δ²,0.002831142627120089
2,60,MFCC Δ² 8 — mean,MFCC Δ²,0.01488273070519724
2,61,MFCC Δ² 9 — mean,MFCC Δ²,0.0
2,62,MFCC Δ² 10 — mean,MFCC Δ²,0.011110735012285227
2,63,MFCC Δ² 11 — mean,MFCC Δ²,0.011136467107215728
2,64,MFCC Δ² 12 — mean,MFCC Δ²,0.002329775880217155
2,65,MFCC Δ² 0 — SD,MFCC Δ²,0.0
2,66,MFCC Δ² 1 — SD,MFCC Δ²,0.0
2,67,MFCC Δ² 2 — SD,MFCC Δ²,0.001719769080439095
2,68,MFCC Δ² 3 — SD,MFCC Δ²,0.0012755890328627706
2,69,MFCC Δ² 4 — SD,MFCC Δ²,0.007129874078506341
2,70,MFCC Δ² 5 — SD,MFCC Δ²,0.0
2,71,MFCC Δ² 6 — SD,MFCC Δ²,0.0
2,72,MFCC Δ² 7 — SD,MFCC Δ²,0.0
2,73,MFCC Δ² 8 — SD,MFCC Δ²,0.004279579272424336
2,74,MFCC Δ² 9 — SD,MFCC Δ²,0.003307304646300315
2,75,MFCC Δ² 10 — SD,MFCC Δ²,0.031311940730086224
2,76,MFCC Δ² 11 — SD,MFCC Δ²,0.0
2,77,MFCC Δ² 12 — SD,MFCC Δ²,0.0
2,78,Spectral centroid — mean,Spectral centroid,0.0
2,79,Spectral centroid — SD,Spectral centroid,0.020905578872618454
2,80,Spectral bandwidth — mean,Spectral bandwidth,0.0
2,81,Spectral bandwidth — SD,Spectral bandwidth,0.0015943653859252303
2,82,Spectral flatness — mean,Spectral flatness,0.0
2,83,Spectral flatness — SD,Spectral flatness,0.00698305354950201
2,84,Spectral contrast band 0 — mean,Spectral contrast,0.008916707090214887
2,85,Spectral contrast band 1 — mean,Spectral contrast,0.0076839002204033184
2,86,Spectral contrast band 2 — mean,Spectral contrast,0.0027797429200074747
2,87,Spectral contrast band 3 — mean,Spectral contrast,0.0
2,88,Spectral contrast band 4 — mean,Spectral contrast,0.0
2,89,Spectral contrast band 5 — mean,Spectral contrast,0.0033700969299429572
2,90,Spectral contrast band 6 — mean,Spectral contrast,0.0
2,91,Spectral contrast band 0 — SD,Spectral contrast,0.010174896082198057
2,92,Spectral contrast band 1 — SD,Spectral contrast,0.06292754650857826
2,93,Spectral contrast band 2 — SD,Spectral contrast,0.021565790174376088
2,94,Spectral contrast band 3 — SD,Spectral contrast,0.0021344283371628613
2,95,Spectral contrast band 4 — SD,Spectral contrast,0.007371742713765424
2,96,Spectral contrast band 5 — SD,Spectral contrast,0.013574558218496614
2,97,Spectral contrast band 6 — SD,Spectral contrast,0.029305209773580716
2,98,Spectral roll-off — mean,Spectral roll-off,0.0029340752878544403
2,99,Spectral roll-off — SD,Spectral roll-off,0.012681868682050549
2,100,Tonnetz dimension 0 — mean,Tonnetz,0.018057489858145308
2,101,Tonnetz dimension 1 — mean,Tonnetz,0.03117503395541127
2,102,Tonnetz dimension 2 — mean,Tonnetz,0.023691490463846478
2,103,Tonnetz dimension 3 — mean,Tonnetz,0.004972170011025437
2,104,Tonnetz dimension 4 — mean,Tonnetz,0.021254370072113983
2,105,Tonnetz dimension 5 — mean,Tonnetz,0.0
2,106,Tonnetz dimension 0 — SD,Tonnetz,0.005621689484460662
2,107,Tonnetz dimension 1 — SD,Tonnetz,0.004483942493687784
2,108,Tonnetz dimension 2 — SD,Tonnetz,0.002944926048760022
2,109,Tonnetz dimension 3 — SD,Tonnetz,0.00783389565518527
2,110,Tonnetz dimension 4 — SD,Tonnetz,0.022392871056185475
2,111,Tonnetz dimension 5 — SD,Tonnetz,0.007821922198793182
2,112,Zero-crossing rate — mean,Zero-crossing rate,0.010619344361953892
2,113,Zero-crossing rate — SD,Zero-crossing rate,0.002010178509256614
2,114,Tempogram ratio bin 0 — mean,Tempogram ratio,0.0
2,115,Tempogram ratio bin 1 — mean,Tempogram ratio,0.0
2,116,Tempogram ratio bin 2 — mean,Tempogram ratio,0.0020850095347295507
2,117,Tempogram ratio bin 3 — mean,Tempogram ratio,0.003738624666584993
2,118,Tempogram ratio bin 4 — mean,Tempogram ratio,0.0
2,119,Tempogram ratio bin 5 — mean,Tempogram ratio,0.0
2,120,Tempogram ratio bin 6 — mean,Tempogram ratio,0.0
2,121,Tempogram ratio bin 7 — mean,Tempogram ratio,0.015252330835430771
2,122,Tempogram ratio bin 8 — mean,Tempogram ratio,0.0
2,123,Tempogram ratio bin 9 — mean,Tempogram ratio,0.0030232870364716364
2,124,Tempogram ratio bin 10 — mean,Tempogram ratio,0.0
2,125,Tempogram ratio bin 11 — mean,Tempogram ratio,0.019353825345722223
2,126,Tempogram ratio bin 12 — mean,Tempogram ratio,0.0
2,127,Tempogram ratio bin 0 — SD,Tempogram ratio,0.0038009240986818424
2,128,Tempogram ratio bin 1 — SD,Tempogram ratio,0.008594856836509734
2,129,Tempogram ratio bin 2 — SD,Tempogram ratio,0.0
2,130,Tempogram ratio bin 3 — SD,Tempogram ratio,0.011152157017446615
2,131,Tempogram ratio bin 4 — SD,Tempogram ratio,0.0034110049460601166
2,132,Tempogram ratio bin 5 — SD,Tempogram ratio,0.0032083688457131146
2,133,Tempogram ratio bin 6 — SD,Tempogram ratio,0.0015395080924388335
2,134,Tempogram ratio bin 7 — SD,Tempogram ratio,0.008884942513768942
2,135,Tempogram ratio bin 8 — SD,Tempogram ratio,0.027676263172652232
2,136,Tempogram ratio bin 9 — SD,Tempogram ratio,0.004377035180557801
2,137,Tempogram ratio bin 10 — SD,Tempogram ratio,0.00776332156135922
2,138,Tempogram ratio bin 11 — SD,Tempogram ratio,0.0
2,139,Tempogram ratio bin 12 — SD,Tempogram ratio,0.008516496116361391
3,0,MFCC 0 — mean,MFCC,0.0
3,1,MFCC 1 — mean,MFCC,0.006428925660333417
3,2,MFCC 2 — mean,MFCC,0.0026195900528244425
3,3,MFCC 3 — mean,MFCC,0.029190659602075376
3,4,MFCC 4 — mean,MFCC,0.024856348366822874
3,5,MFCC 5 — mean,MFCC,0.0016457447442263231
3,6,MFCC 6 — mean,MFCC,0.0
3,7,MFCC 7 — mean,MFCC,0.01053148468703421
3,8,MFCC 8 — mean,MFCC,0.0095777077416033
3,9,MFCC 9 — mean,MFCC,0.026919329778906875
3,10,MFCC 10 — mean,MFCC,0.0037154865226330758
3,11,MFCC 11 — mean,MFCC,0.004990099079238864
3,12,MFCC 12 — mean,MFCC,0.0
3,13,MFCC 0 — SD,MFCC,0.020882539677519022
3,14,MFCC 1 — SD,MFCC,0.004973296954049272
3,15,MFCC 2 — SD,MFCC,0.003937528657169038
3,16,MFCC 3 — SD,MFCC,0.003473794920022018
3,17,MFCC 4 — SD,MFCC,0.0037406365264672026
3,18,MFCC 5 — SD,MFCC,0.011921899576630007
3,19,MFCC 6 — SD,MFCC,0.0
3,20,MFCC 7 — SD,MFCC,0.019053488728465722
3,21,MFCC 8 — SD,MFCC,0.0
3,22,MFCC 9 — SD,MFCC,0.007517123038503662
3,23,MFCC 10 — SD,MFCC,0.0
3,24,MFCC 11 — SD,MFCC,0.004541691469694072
3,25,MFCC 12 — SD,MFCC,0.018468490437888667
3,26,MFCC Δ 0 — mean,MFCC Δ,0.008524083362325604
3,27,MFCC Δ 1 — mean,MFCC Δ,0.008675439737935834
3,28,MFCC Δ 2 — mean,MFCC Δ,0.009357296867477239
3,29,MFCC Δ 3 — mean,MFCC Δ,0.02108292536469556
3,30,MFCC Δ 4 — mean,MFCC Δ,0.0019059460771396694
3,31,MFCC Δ 5 — mean,MFCC Δ,0.004730906811704404
3,32,MFCC Δ 6 — mean,MFCC Δ,0.029471566933688638
3,33,MFCC Δ 7 — mean,MFCC Δ,0.005329915927887972
3,34,MFCC Δ 8 — mean,MFCC Δ,0.007079234985572415
3,35,MFCC Δ 9 — mean,MFCC Δ,0.052731619048878825
3,36,MFCC Δ 10 — mean,MFCC Δ,0.016323805897053532
3,37,MFCC Δ 11 — mean,MFCC Δ,0.014388557464866312
3,38,MFCC Δ 12 — mean,MFCC Δ,0.007754362915729662
3,39,MFCC Δ 0 — SD,MFCC Δ,0.007497562210345669
3,40,MFCC Δ 1 — SD,MFCC Δ,0.0
3,41,MFCC Δ 2 — SD,MFCC Δ,0.0016011511456729514
3,42,MFCC Δ 3 — SD,MFCC Δ,0.0
3,43,MFCC Δ 4 — SD,MFCC Δ,0.0
3,44,MFCC Δ 5 — SD,MFCC Δ,0.013120530854101234
3,45,MFCC Δ 6 — SD,MFCC Δ,0.002236154358774873
3,46,MFCC Δ 7 — SD,MFCC Δ,0.0
3,47,MFCC Δ 8 — SD,MFCC Δ,0.0034679195231942083
3,48,MFCC Δ 9 — SD,MFCC Δ,0.00207942440264172
3,49,MFCC Δ 10 — SD,MFCC Δ,0.0
3,50,MFCC Δ 11 — SD,MFCC Δ,0.0
3,51,MFCC Δ 12 — SD,MFCC Δ,0.004573878625140484
3,52,MFCC Δ² 0 — mean,MFCC Δ²,0.005729321675647237
3,53,MFCC Δ² 1 — mean,MFCC Δ²,0.012484679557147294
3,54,MFCC Δ² 2 — mean,MFCC Δ²,0.022944617534319013
3,55,MFCC Δ² 3 — mean,MFCC Δ²,0.0
3,56,MFCC Δ² 4 — mean,MFCC Δ²,0.006811224475962344
3,57,MFCC Δ² 5 — mean,MFCC Δ²,0.006936639093124071
3,58,MFCC Δ² 6 — mean,MFCC Δ²,0.0062180655943075355
3,59,MFCC Δ² 7 — mean,MFCC Δ²,0.005898388306694534
3,60,MFCC Δ² 8 — mean,MFCC Δ²,0.0065718641031710795
3,61,MFCC Δ² 9 — mean,MFCC Δ²,0.015384538448246643
3,62,MFCC Δ² 10 — mean,MFCC Δ²,0.01794783786468279
3,63,MFCC Δ² 11 — mean,MFCC Δ²,0.005617863556400897
3,64,MFCC Δ² 12 — mean,MFCC Δ²,0.004452637232462983
3,65,MFCC Δ² 0 — SD,MFCC Δ²,0.0030464724592741644
3,66,MFCC Δ² 1 — SD,MFCC Δ²,0.0026896470402091805
3,67,MFCC Δ² 2 — SD,MFCC Δ²,0.0
3,68,MFCC Δ² 3 — SD,MFCC Δ²,0.0030409862202759566
3,69,MFCC Δ² 4 — SD,MFCC Δ²,0.0
3,70,MFCC Δ² 5 — SD,MFCC Δ²,0.0018657382959039615
3,71,MFCC Δ² 6 — SD,MFCC Δ²,0.003873580675683957
3,72,MFCC Δ² 7 — SD,MFCC Δ²,0.0
3,73,MFCC Δ² 8 — SD,MFCC Δ²,0.008679581223611033
3,74,MFCC Δ² 9 — SD,MFCC Δ²,0.003035815939691936
3,75,MFCC Δ² 10 — SD,MFCC Δ²,0.008905971574983695
3,76,MFCC Δ² 11 — SD,MFCC Δ²,0.0
3,77,MFCC Δ² 12 — SD,MFCC Δ²,0.0
3,78,Spectral centroid — mean,Spectral centroid,0.0
3,79,Spectral centroid — SD,Spectral centroid,0.006141429237592065
3,80,Spectral bandwidth — mean,Spectral bandwidth,0.0
3,81,Spectral bandwidth — SD,Spectral bandwidth,0.0068888433060815685
3,82,Spectral flatness — mean,Spectral flatness,0.0
3,83,Spectral flatness — SD,Spectral flatness,0.011657991665505697
3,84,Spectral contrast band 0 — mean,Spectral contrast,0.003934003647820526
3,85,Spectral contrast band 1 — mean,Spectral contrast,0.0
3,86,Spectral contrast band 2 — mean,Spectral contrast,0.013515008222469604
3,87,Spectral contrast band 3 — mean,Spectral contrast,0.0
3,88,Spectral contrast band 4 — mean,Spectral contrast,0.0
3,89,Spectral contrast band 5 — mean,Spectral contrast,0.00425664293834083
3,90,Spectral contrast band 6 — mean,Spectral contrast,0.003473167864092322
3,91,Spectral contrast band 0 — SD,Spectral contrast,0.005274471373805181
3,92,Spectral contrast band 1 — SD,Spectral contrast,0.08437271143126773
3,93,Spectral contrast band 2 — SD,Spectral contrast,0.0029632633097379396
3,94,Spectral contrast band 3 — SD,Spectral contrast,0.008462156656885675
3,95,Spectral contrast band 4 — SD,Spectral contrast,0.0
3,96,Spectral contrast band 5 — SD,Spectral contrast,0.025253926416678528
3,97,Spectral contrast band 6 — SD,Spectral contrast,0.0075660248229634285
3,98,Spectral roll-off — mean,Spectral roll-off,0.0
3,99,Spectral roll-off — SD,Spectral roll-off,0.009901759266157698
3,100,Tonnetz dimension 0 — mean,Tonnetz,0.020466188265091504
3,101,Tonnetz dimension 1 — mean,Tonnetz,0.022840450191221957
3,102,Tonnetz dimension 2 — mean,Tonnetz,0.007593502053524319
3,103,Tonnetz dimension 3 — mean,Tonnetz,0.012721071350521276
3,104,Tonnetz dimension 4 — mean,Tonnetz,0.019705312366611088
3,105,Tonnetz dimension 5 — mean,Tonnetz,0.011720619484096384
3,106,Tonnetz dimension 0 — SD,Tonnetz,0.009749577681512765
3,107,Tonnetz dimension 1 — SD,Tonnetz,0.004787120531519472
3,108,Tonnetz dimension 2 — SD,Tonnetz,0.005684393246955391
3,109,Tonnetz dimension 3 — SD,Tonnetz,0.009488579447151146
3,110,Tonnetz dimension 4 — SD,Tonnetz,0.006742316948147773
3,111,Tonnetz dimension 5 — SD,Tonnetz,0.019385243347751536
3,112,Zero-crossing rate — mean,Zero-crossing rate,0.0
3,113,Zero-crossing rate — SD,Zero-crossing rate,0.00150822620341665
3,114,Tempogram ratio bin 0 — mean,Tempogram ratio,0.0
3,115,Tempogram ratio bin 1 — mean,Tempogram ratio,0.0
3,116,Tempogram ratio bin 2 — mean,Tempogram ratio,0.0
3,117,Tempogram ratio bin 3 — mean,Tempogram ratio,0.0
3,118,Tempogram ratio bin 4 — mean,Tempogram ratio,0.004026755885206085
3,119,Tempogram ratio bin 5 — mean,Tempogram ratio,0.0
3,120,Tempogram ratio bin 6 — mean,Tempogram ratio,0.0
3,121,Tempogram ratio bin 7 — mean,Tempogram ratio,0.0
3,122,Tempogram ratio bin 8 — mean,Tempogram ratio,0.0021130939892178655
3,123,Tempogram ratio bin 9 — mean,Tempogram ratio,0.0
3,124,Tempogram ratio bin 10 — mean,Tempogram ratio,0.0
3,125,Tempogram ratio bin 11 — mean,Tempogram ratio,0.0027842161099601243
3,126,Tempogram ratio bin 12 — mean,Tempogram ratio,0.0
3,127,Tempogram ratio bin 0 — SD,Tempogram ratio,0.009218764686325216
3,128,Tempogram ratio bin 1 — SD,Tempogram ratio,0.0020398009300208473
3,129,Tempogram ratio bin 2 — SD,Tempogram ratio,0.0014288974807029967
3,130,Tempogram ratio bin 3 — SD,Tempogram ratio,0.0
3,131,Tempogram ratio bin 4 — SD,Tempogram ratio,0.0
3,132,Tempogram ratio bin 5 — SD,Tempogram ratio,0.008289726283951948
3,133,Tempogram ratio bin 6 — SD,Tempogram ratio,0.0014756560377477913
3,134,Tempogram ratio bin 7 — SD,Tempogram ratio,0.008938630523537263
3,135,Tempogram ratio bin 8 — SD,Tempogram ratio,0.002424767235284124
3,136,Tempogram ratio bin 9 — SD,Tempogram ratio,0.007127603786788701
3,137,Tempogram ratio bin 10 — SD,Tempogram ratio,0.006541060302301899
3,138,Tempogram ratio bin 11 — SD,Tempogram ratio,0.0
3,139,Tempogram ratio bin 12 — SD,Tempogram ratio,0.004483405863300539
4,0,MFCC 0 — mean,MFCC,0.014000578938875444
4,1,MFCC 1 — mean,MFCC,0.00487228724681109
4,2,MFCC 2 — mean,MFCC,0.04833412748616087
4,3,MFCC 3 — mean,MFCC,0.037592038110976826
4,4,MFCC 4 — mean,MFCC,0.008458298341429705
4,5,MFCC 5 — mean,MFCC,0.034989962236807455
4,6,MFCC 6 — mean,MFCC,0.002911906428763978
4,7,MFCC 7 — mean,MFCC,0.0
4,8,MFCC 8 — mean,MFCC,0.004601219507535668
4,9,MFCC 9 — mean,MFCC,0.007739341673668837
4,10,MFCC 10 — mean,MFCC,0.014389075231961177
4,11,MFCC 11 — mean,MFCC,0.0
4,12,MFCC 12 — mean,MFCC,0.007588606129418342
4,13,MFCC 0 — SD,MFCC,0.008604729524309847
4,14,MFCC 1 — SD,MFCC,0.005703207275087144
4,15,MFCC 2 — SD,MFCC,0.008674353889570325
4,16,MFCC 3 — SD,MFCC,0.0
4,17,MFCC 4 — SD,MFCC,0.0
4,18,MFCC 5 — SD,MFCC,0.0054547330326894196
4,19,MFCC 6 — SD,MFCC,0.004334357903207032
4,20,MFCC 7 — SD,MFCC,0.018242245732984507
4,21,MFCC 8 — SD,MFCC,0.0
4,22,MFCC 9 — SD,MFCC,0.0023898531437876944
4,23,MFCC 10 — SD,MFCC,0.0
4,24,MFCC 11 — SD,MFCC,0.0
4,25,MFCC 12 — SD,MFCC,0.033111237101450954
4,26,MFCC Δ 0 — mean,MFCC Δ,0.012011272426327251
4,27,MFCC Δ 1 — mean,MFCC Δ,0.0
4,28,MFCC Δ 2 — mean,MFCC Δ,0.004065355473849123
4,29,MFCC Δ 3 — mean,MFCC Δ,0.008987126126826828
4,30,MFCC Δ 4 — mean,MFCC Δ,0.0020694002247692257
4,31,MFCC Δ 5 — mean,MFCC Δ,0.0
4,32,MFCC Δ 6 — mean,MFCC Δ,0.005974922002857688
4,33,MFCC Δ 7 — mean,MFCC Δ,0.0036697868782664712
4,34,MFCC Δ 8 — mean,MFCC Δ,0.001908574754411063
4,35,MFCC Δ 9 — mean,MFCC Δ,0.041210683657314715
4,36,MFCC Δ 10 — mean,MFCC Δ,0.009992659237022403
4,37,MFCC Δ 11 — mean,MFCC Δ,0.018428015179046766
4,38,MFCC Δ 12 — mean,MFCC Δ,0.002282263272198177
4,39,MFCC Δ 0 — SD,MFCC Δ,0.008851943288902245
4,40,MFCC Δ 1 — SD,MFCC Δ,0.0
4,41,MFCC Δ 2 — SD,MFCC Δ,0.00215093099524489
4,42,MFCC Δ 3 — SD,MFCC Δ,0.006505285072933011
4,43,MFCC Δ 4 — SD,MFCC Δ,0.0
4,44,MFCC Δ 5 — SD,MFCC Δ,0.0022366142451931952
4,45,MFCC Δ 6 — SD,MFCC Δ,0.0
4,46,MFCC Δ 7 — SD,MFCC Δ,0.0
4,47,MFCC Δ 8 — SD,MFCC Δ,0.00784069147039349
4,48,MFCC Δ 9 — SD,MFCC Δ,0.0
4,49,MFCC Δ 10 — SD,MFCC Δ,0.00804559690000212
4,50,MFCC Δ 11 — SD,MFCC Δ,0.0
4,51,MFCC Δ 12 — SD,MFCC Δ,0.0
4,52,MFCC Δ² 0 — mean,MFCC Δ²,0.010828262905576
4,53,MFCC Δ² 1 — mean,MFCC Δ²,0.012401600386710275
4,54,MFCC Δ² 2 — mean,MFCC Δ²,0.01923871589420322
4,55,MFCC Δ² 3 — mean,MFCC Δ²,0.0
4,56,MFCC Δ² 4 — mean,MFCC Δ²,0.003992557486654916
4,57,MFCC Δ² 5 — mean,MFCC Δ²,0.004080208671771358
4,58,MFCC Δ² 6 — mean,MFCC Δ²,0.01893840648930119
4,59,MFCC Δ² 7 — mean,MFCC Δ²,0.014456860548748028
4,60,MFCC Δ² 8 — mean,MFCC Δ²,0.009532531466495185
4,61,MFCC Δ² 9 — mean,MFCC Δ²,0.013747587416559168
4,62,MFCC Δ² 10 — mean,MFCC Δ²,0.013703978291191613
4,63,MFCC Δ² 11 — mean,MFCC Δ²,0.019213785687231907
4,64,MFCC Δ² 12 — mean,MFCC Δ²,0.005352256187116308
4,65,MFCC Δ² 0 — SD,MFCC Δ²,0.0
4,66,MFCC Δ² 1 — SD,MFCC Δ²,0.0062060181172429564
4,67,MFCC Δ² 2 — SD,MFCC Δ²,0.010872118448676667
4,68,MFCC Δ² 3 — SD,MFCC Δ²,0.008222841087394564
4,69,MFCC Δ² 4 — SD,MFCC Δ²,0.0
4,70,MFCC Δ² 5 — SD,MFCC Δ²,0.005153528234319373
4,71,MFCC Δ² 6 — SD,MFCC Δ²,0.0
4,72,MFCC Δ² 7 — SD,MFCC Δ²,0.0
4,73,MFCC Δ² 8 — SD,MFCC Δ²,0.0
4,74,MFCC Δ² 9 — SD,MFCC Δ²,0.0033966504223767653
4,75,MFCC Δ² 10 — SD,MFCC Δ²,0.0
4,76,MFCC Δ² 11 — SD,MFCC Δ²,0.0
4,77,MFCC Δ² 12 — SD,MFCC Δ²,0.006050290626657129
4,78,Spectral centroid — mean,Spectral centroid,0.0
4,79,Spectral centroid — SD,Spectral centroid,0.003750073636637869
4,80,Spectral bandwidth — mean,Spectral bandwidth,0.0
4,81,Spectral bandwidth — SD,Spectral bandwidth,0.008857704580925062
4,82,Spectral flatness — mean,Spectral flatness,0.0
4,83,Spectral flatness — SD,Spectral flatness,0.0050616564357948675
4,84,Spectral contrast band 0 — mean,Spectral contrast,0.002914432494419789
4,85,Spectral contrast band 1 — mean,Spectral contrast,0.0
4,86,Spectral contrast band 2 — mean,Spectral contrast,0.01659481032594643
4,87,Spectral contrast band 3 — mean,Spectral contrast,0.005307629027196974
4,88,Spectral contrast band 4 — mean,Spectral contrast,0.0019887436978524584
4,89,Spectral contrast band 5 — mean,Spectral contrast,0.00959909491470678
4,90,Spectral contrast band 6 — mean,Spectral contrast,0.0
4,91,Spectral contrast band 0 — SD,Spectral contrast,0.009737656628045554
4,92,Spectral contrast band 1 — SD,Spectral contrast,0.012341653879193852
4,93,Spectral contrast band 2 — SD,Spectral contrast,0.010063158555570273
4,94,Spectral contrast band 3 — SD,Spectral contrast,0.0
4,95,Spectral contrast band 4 — SD,Spectral contrast,0.0
4,96,Spectral contrast band 5 — SD,Spectral contrast,0.010640701537012114
4,97,Spectral contrast band 6 — SD,Spectral contrast,0.001658311712317084
4,98,Spectral roll-off — mean,Spectral roll-off,0.007534641781432067
4,99,Spectral roll-off — SD,Spectral roll-off,0.009574425887821258
4,100,Tonnetz dimension 0 — mean,Tonnetz,0.012212742202242171
4,101,Tonnetz dimension 1 — mean,Tonnetz,0.005812446981533792
4,102,Tonnetz dimension 2 — mean,Tonnetz,0.013851792592960844
4,103,Tonnetz dimension 3 — mean,Tonnetz,0.0014294919811034409
4,104,Tonnetz dimension 4 — mean,Tonnetz,0.020569321688130346
4,105,Tonnetz dimension 5 — mean,Tonnetz,0.002673612531884054
4,106,Tonnetz dimension 0 — SD,Tonnetz,0.0
4,107,Tonnetz dimension 1 — SD,Tonnetz,0.02102580542867802
4,108,Tonnetz dimension 2 — SD,Tonnetz,0.010409355030414166
4,109,Tonnetz dimension 3 — SD,Tonnetz,0.0034009862956922527
4,110,Tonnetz dimension 4 — SD,Tonnetz,0.02748200227226987
4,111,Tonnetz dimension 5 — SD,Tonnetz,0.01064747291462758
4,112,Zero-crossing rate — mean,Zero-crossing rate,0.0066055276932070394
4,113,Zero-crossing rate — SD,Zero-crossing rate,0.007488460032219496
4,114,Tempogram ratio bin 0 — mean,Tempogram ratio,0.0
4,115,Tempogram ratio bin 1 — mean,Tempogram ratio,0.005985718960491068
4,116,Tempogram ratio bin 2 — mean,Tempogram ratio,0.006529196677569747
4,117,Tempogram ratio bin 3 — mean,Tempogram ratio,0.0
4,118,Tempogram ratio bin 4 — mean,Tempogram ratio,0.0
4,119,Tempogram ratio bin 5 — mean,Tempogram ratio,0.0
4,120,Tempogram ratio bin 6 — mean,Tempogram ratio,0.011095412659673195
4,121,Tempogram ratio bin 7 — mean,Tempogram ratio,0.0
4,122,Tempogram ratio bin 8 — mean,Tempogram ratio,0.0
4,123,Tempogram ratio bin 9 — mean,Tempogram ratio,0.0
4,124,Tempogram ratio bin 10 — mean,Tempogram ratio,0.0015864458825268846
4,125,Tempogram ratio bin 11 — mean,Tempogram ratio,0.0027650411759369115
4,126,Tempogram ratio bin 12 — mean,Tempogram ratio,0.001420425057647012
4,127,Tempogram ratio bin 0 — SD,Tempogram ratio,0.020093933051633945
4,128,Tempogram ratio bin 1 — SD,Tempogram ratio,0.0
4,129,Tempogram ratio bin 2 — SD,Tempogram ratio,0.0015897977882583035
4,130,Tempogram ratio bin 3 — SD,Tempogram ratio,0.008650823267189163
4,131,Tempogram ratio bin 4 — SD,Tempogram ratio,0.009159461264172036
4,132,Tempogram ratio bin 5 — SD,Tempogram ratio,0.003051428262809422
4,133,Tempogram ratio bin 6 — SD,Tempogram ratio,0.006490601074283743
4,134,Tempogram ratio bin 7 — SD,Tempogram ratio,0.008747327605539644
4,135,Tempogram ratio bin 8 — SD,Tempogram ratio,0.0013957607149695493
4,136,Tempogram ratio bin 9 — SD,Tempogram ratio,0.004023155869270634
4,137,Tempogram ratio bin 10 — SD,Tempogram ratio,0.016017630725493514
4,138,Tempogram ratio bin 11 — SD,Tempogram ratio,0.0063286149139465085
4,139,Tempogram ratio bin 12 — SD,Tempogram ratio,0.02222403379947161
5,0,MFCC 0 — mean,MFCC,0.022689064317926135
5,1,MFCC 1 — mean,MFCC,0.0013877627067081391
5,2,MFCC 2 — mean,MFCC,0.011161710660563581
5,3,MFCC 3 — mean,MFCC,0.01542341984984332
5,4,MFCC 4 — mean,MFCC,0.008257239382630765
5,5,MFCC 5 — mean,MFCC,0.019741098066628767
5,6,MFCC 6 — mean,MFCC,0.003680133277463164
5,7,MFCC 7 — mean,MFCC,0.0021634167416113943
5,8,MFCC 8 — mean,MFCC,0.0
5,9,MFCC 9 — mean,MFCC,0.010002123514394312
5,10,MFCC 10 — mean,MFCC,0.0030941701594211345
5,11,MFCC 11 — mean,MFCC,0.004663219074048094
5,12,MFCC 12 — mean,MFCC,0.002770380843560011
5,13,MFCC 0 — SD,MFCC,0.02667407483181314
5,14,MFCC 1 — SD,MFCC,0.0
5,15,MFCC 2 — SD,MFCC,0.004302228577962462
5,16,MFCC 3 — SD,MFCC,0.008632576633904149
5,17,MFCC 4 — SD,MFCC,0.0
5,18,MFCC 5 — SD,MFCC,0.0
5,19,MFCC 6 — SD,MFCC,0.0
5,20,MFCC 7 — SD,MFCC,0.015500788527044456
5,21,MFCC 8 — SD,MFCC,0.0
5,22,MFCC 9 — SD,MFCC,0.0
5,23,MFCC 10 — SD,MFCC,0.0
5,24,MFCC 11 — SD,MFCC,0.0021440912256223037
5,25,MFCC 12 — SD,MFCC,0.008394800367056357
5,26,MFCC Δ 0 — mean,MFCC Δ,0.01444821932370295
5,27,MFCC Δ 1 — mean,MFCC Δ,0.00385801960329322
5,28,MFCC Δ 2 — mean,MFCC Δ,0.007323857493069037
5,29,MFCC Δ 3 — mean,MFCC Δ,0.005574375888924789
5,30,MFCC Δ 4 — mean,MFCC Δ,0.005125363230438847
5,31,MFCC Δ 5 — mean,MFCC Δ,0.0034495150382006685
5,32,MFCC Δ 6 — mean,MFCC Δ,0.023080296068648483
5,33,MFCC Δ 7 — mean,MFCC Δ,0.018234929738087147
5,34,MFCC Δ 8 — mean,MFCC Δ,0.004610199565171908
5,35,MFCC Δ 9 — mean,MFCC Δ,0.02786463308208362
5,36,MFCC Δ 10 — mean,MFCC Δ,0.01136361482623153
5,37,MFCC Δ 11 — mean,MFCC Δ,0.028483172393803137
5,38,MFCC Δ 12 — mean,MFCC Δ,0.0033764527624628457
5,39,MFCC Δ 0 — SD,MFCC Δ,0.006405647783684667
5,40,MFCC Δ 1 — SD,MFCC Δ,0.001884758912765264
5,41,MFCC Δ 2 — SD,MFCC Δ,0.0
5,42,MFCC Δ 3 — SD,MFCC Δ,0.001965750191990956
5,43,MFCC Δ 4 — SD,MFCC Δ,0.001349132672383203
5,44,MFCC Δ 5 — SD,MFCC Δ,0.0
5,45,MFCC Δ 6 — SD,MFCC Δ,0.0
5,46,MFCC Δ 7 — SD,MFCC Δ,0.005465204310931164
5,47,MFCC Δ 8 — SD,MFCC Δ,0.0
5,48,MFCC Δ 9 — SD,MFCC Δ,0.002544696907998536
5,49,MFCC Δ 10 — SD,MFCC Δ,0.002659524819341984
5,50,MFCC Δ 11 — SD,MFCC Δ,0.0014282975902108418
5,51,MFCC Δ 12 — SD,MFCC Δ,0.0016130285717529489
5,52,MFCC Δ² 0 — mean,MFCC Δ²,0.005537232922883758
5,53,MFCC Δ² 1 — mean,MFCC Δ²,0.006367846215388772
5,54,MFCC Δ² 2 — mean,MFCC Δ²,0.007979456938707821
5,55,MFCC Δ² 3 — mean,MFCC Δ²,0.014150833470711083
5,56,MFCC Δ² 4 — mean,MFCC Δ²,0.003003119700988784
5,57,MFCC Δ² 5 — mean,MFCC Δ²,0.0
5,58,MFCC Δ² 6 — mean,MFCC Δ²,0.00923060485868898
5,59,MFCC Δ² 7 — mean,MFCC Δ²,0.00536330110681092
5,60,MFCC Δ² 8 — mean,MFCC Δ²,0.0013780361592911517
5,61,MFCC Δ² 9 — mean,MFCC Δ²,0.01863077807629522
5,62,MFCC Δ² 10 — mean,MFCC Δ²,0.03657635957342963
5,63,MFCC Δ² 11 — mean,MFCC Δ²,0.014169100560165257
5,64,MFCC Δ² 12 — mean,MFCC Δ²,0.0019363329142298286
5,65,MFCC Δ² 0 — SD,MFCC Δ²,0.0
5,66,MFCC Δ² 1 — SD,MFCC Δ²,0.01612525699679457
5,67,MFCC Δ² 2 — SD,MFCC Δ²,0.005443293766610592
5,68,MFCC Δ² 3 — SD,MFCC Δ²,0.008264632294309595
5,69,MFCC Δ² 4 — SD,MFCC Δ²,0.016309359786476168
5,70,MFCC Δ² 5 — SD,MFCC Δ²,0.0
5,71,MFCC Δ² 6 — SD,MFCC Δ²,0.022797376295439355
5,72,MFCC Δ² 7 — SD,MFCC Δ²,0.0025752162005264877
5,73,MFCC Δ² 8 — SD,MFCC Δ²,0.0
5,74,MFCC Δ² 9 — SD,MFCC Δ²,0.002514574688334005
5,75,MFCC Δ² 10 — SD,MFCC Δ²,0.012642762899596927
5,76,MFCC Δ² 11 — SD,MFCC Δ²,0.0030575780559521136
5,77,MFCC Δ² 12 — SD,MFCC Δ²,0.0
5,78,Spectral centroid — mean,Spectral centroid,0.0
5,79,Spectral centroid — SD,Spectral centroid,0.004047463616714572
5,80,Spectral bandwidth — mean,Spectral bandwidth,0.0
5,81,Spectral bandwidth — SD,Spectral bandwidth,0.01932803339049715
5,82,Spectral flatness — mean,Spectral flatness,0.002927235630277724
5,83,Spectral flatness — SD,Spectral flatness,0.0
5,84,Spectral contrast band 0 — mean,Spectral contrast,0.0
5,85,Spectral contrast band 1 — mean,Spectral contrast,0.024286095429323522
5,86,Spectral contrast band 2 — mean,Spectral contrast,0.009276813018475502
5,87,Spectral contrast band 3 — mean,Spectral contrast,0.009306972599481668
5,88,Spectral contrast band 4 — mean,Spectral contrast,0.0016677051574986181
5,89,Spectral contrast band 5 — mean,Spectral contrast,0.004477916087469331
5,90,Spectral contrast band 6 — mean,Spectral contrast,0.013970061343268244
5,91,Spectral contrast band 0 — SD,Spectral contrast,0.005885241945676725
5,92,Spectral contrast band 1 — SD,Spectral contrast,0.028906306675562335
5,93,Spectral contrast band 2 — SD,Spectral contrast,0.0020225346524995547
5,94,Spectral contrast band 3 — SD,Spectral contrast,0.006354302294611962
5,95,Spectral contrast band 4 — SD,Spectral contrast,0.00970249713939557
5,96,Spectral contrast band 5 — SD,Spectral contrast,0.010106275349959922
5,97,Spectral contrast band 6 — SD,Spectral contrast,0.01447089447222442
5,98,Spectral roll-off — mean,Spectral roll-off,0.0068787199876921895
5,99,Spectral roll-off — SD,Spectral roll-off,0.004979531197994606
5,100,Tonnetz dimension 0 — mean,Tonnetz,0.004075270012443354
5,101,Tonnetz dimension 1 — mean,Tonnetz,0.016583732211512228
5,102,Tonnetz dimension 2 — mean,Tonnetz,0.005103996597743004
5,103,Tonnetz dimension 3 — mean,Tonnetz,0.011391332887005286
5,104,Tonnetz dimension 4 — mean,Tonnetz,0.0015452249772559214
5,105,Tonnetz dimension 5 — mean,Tonnetz,0.0
5,106,Tonnetz dimension 0 — SD,Tonnetz,0.021743385623378908
5,107,Tonnetz dimension 1 — SD,Tonnetz,0.004526593281654585
5,108,Tonnetz dimension 2 — SD,Tonnetz,0.04493167392596569
5,109,Tonnetz dimension 3 — SD,Tonnetz,0.0121791602027684
5,110,Tonnetz dimension 4 — SD,Tonnetz,0.016537788766967987
5,111,Tonnetz dimension 5 — SD,Tonnetz,0.030293727337739693
5,112,Zero-crossing rate — mean,Zero-crossing rate,0.002443284324907202
5,113,Zero-crossing rate — SD,Zero-crossing rate,0.005436213068313794
5,114,Tempogram ratio bin 0 — mean,Tempogram ratio,0.0
5,115,Tempogram ratio bin 1 — mean,Tempogram ratio,0.002721276166116982
5,116,Tempogram ratio bin 2 — mean,Tempogram ratio,0.0
5,117,Tempogram ratio bin 3 — mean,Tempogram ratio,0.0
5,118,Tempogram ratio bin 4 — mean,Tempogram ratio,0.0
5,119,Tempogram ratio bin 5 — mean,Tempogram ratio,0.0
5,120,Tempogram ratio bin 6 — mean,Tempogram ratio,0.007243705540727512
5,121,Tempogram ratio bin 7 — mean,Tempogram ratio,0.0
5,122,Tempogram ratio bin 8 — mean,Tempogram ratio,0.0
5,123,Tempogram ratio bin 9 — mean,Tempogram ratio,0.0
5,124,Tempogram ratio bin 10 — mean,Tempogram ratio,0.002941910528101695
5,125,Tempogram ratio bin 11 — mean,Tempogram ratio,0.0
5,126,Tempogram ratio bin 12 — mean,Tempogram ratio,0.0
5,127,Tempogram ratio bin 0 — SD,Tempogram ratio,0.0015292444598343567
5,128,Tempogram ratio bin 1 — SD,Tempogram ratio,0.0
5,129,Tempogram ratio bin 2 — SD,Tempogram ratio,0.0
5,130,Tempogram ratio bin 3 — SD,Tempogram ratio,0.005743649991073825
5,131,Tempogram ratio bin 4 — SD,Tempogram ratio,0.0
5,132,Tempogram ratio bin 5 — SD,Tempogram ratio,0.004560970639546233
5,133,Tempogram ratio bin 6 — SD,Tempogram ratio,0.004780962907775874
5,134,Tempogram ratio bin 7 — SD,Tempogram ratio,0.009717922449903075
5,135,Tempogram ratio bin 8 — SD,Tempogram ratio,0.00533790697941141
5,136,Tempogram ratio bin 9 — SD,Tempogram ratio,0.004628467813117295
5,137,Tempogram ratio bin 10 — SD,Tempogram ratio,0.010972486181227183
5,138,Tempogram ratio bin 11 — SD,Tempogram ratio,0.006559940277460962
5,139,Tempogram ratio bin 12 — SD,Tempogram ratio,0.011031529844413471
