feature_index,feature_name,feature_family,importance_mean,importance_std
92,Spectral contrast band 1 — SD,Spectral contrast,0.04558766755629936,0.0284030185951519
35,MFCC Δ 9 — mean,MFCC Δ,0.035726686010346086,0.013880710421871539
101,Tonnetz dimension 1 — mean,Tonnetz,0.022789873151061207,0.012395171766376183
2,MFCC 2 — mean,MFCC,0.021449678118659214,0.01746896771253003
62,MFCC Δ² 10 — mean,MFCC Δ²,0.02123034935179327,0.010446194576007574
3,MFCC 3 — mean,MFCC,0.02089747206012838,0.011934875340988955
13,MFCC 0 — SD,MFCC,0.02055960133246342,0.006998041887960219
37,MFCC Δ 11 — mean,MFCC Δ,0.018251408495934374,0.0060189100386735675
110,Tonnetz dimension 4 — SD,Tonnetz,0.01812147455995728,0.007718569570331941
111,Tonnetz dimension 5 — SD,Tonnetz,0.017963535349973747,0.009002287872494352
20,MFCC 7 — SD,MFCC,0.017575067177972515,0.005490715188172736
25,MFCC 12 — SD,MFCC,0.017165075179406616,0.0132568769597824
104,Tonnetz dimension 4 — mean,Tonnetz,0.015795102567716737,0.008230382681700637
32,MFCC Δ 6 — mean,MFCC Δ,0.015698647579757134,0.010170966681769733
54,MFCC Δ² 2 — mean,MFCC Δ²,0.015571857210136097,0.006925072213690946
96,Spectral contrast band 5 — SD,Spectral contrast,0.01479348621259445,0.006129506027982051
63,MFCC Δ² 11 — mean,MFCC Δ²,0.014759662281069513,0.007002205029507666
108,Tonnetz dimension 2 — SD,Tonnetz,0.013617768999182595,0.017733716212419745
97,Spectral contrast band 6 — SD,Spectral contrast,0.013445442690444984,0.010328337850094828
5,MFCC 5 — mean,MFCC,0.013204206470758942,0.01406715928095398
36,MFCC Δ 10 — mean,MFCC Δ,0.012675833988617912,0.0036238295480655975
61,MFCC Δ² 9 — mean,MFCC Δ²,0.012194265460109734,0.007137015690292995
4,MFCC 4 — mean,MFCC,0.012021056527040688,0.009727803638605141
81,Spectral bandwidth — SD,Spectral bandwidth,0.011782947663513347,0.008699366878982132
9,MFCC 9 — mean,MFCC,0.011640222943802792,0.00987998618628786
100,Tonnetz dimension 0 — mean,Tonnetz,0.011559459628390778,0.007929454888412091
102,Tonnetz dimension 2 — mean,Tonnetz,0.011455197298196353,0.007587115950379265
86,Spectral contrast band 2 — mean,Spectral contrast,0.011426845759619197,0.005545314465817725
33,MFCC Δ 7 — mean,MFCC Δ,0.011168934742046274,0.007775424882244136
28,MFCC Δ 2 — mean,MFCC Δ,0.011011763988944826,0.00955121411924956
53,MFCC Δ² 1 — mean,MFCC Δ²,0.010814668468224825,0.002543288717191756
75,MFCC Δ² 10 — SD,MFCC Δ²,0.01057213504093337,0.01285246298473194
139,Tempogram ratio bin 12 — SD,Tempogram ratio,0.010225945139603992,0.007230881767564148
79,Spectral centroid — SD,Spectral centroid,0.009998386873141233,0.007661757114815285
127,Tempogram ratio bin 0 — SD,Tempogram ratio,0.009225133162273871,0.007277991753191305
29,MFCC Δ 3 — mean,MFCC Δ,0.009076301205954705,0.00697892552660523
58,MFCC Δ² 6 — mean,MFCC Δ²,0.00904900965409703,0.0060755078384682575
106,Tonnetz dimension 0 — SD,Tonnetz,0.008960781879926192,0.008016842952733227
137,Tempogram ratio bin 10 — SD,Tempogram ratio,0.008955032115100884,0.004774059705536486
103,Tonnetz dimension 3 — mean,Tonnetz,0.008776629541132933,0.005290091024522586
134,Tempogram ratio bin 7 — SD,Tempogram ratio,0.008585321023434806,0.0011528812728203708
135,Tempogram ratio bin 8 — SD,Tempogram ratio,0.00857360198181713,0.010853156624757979
0,MFCC 0 — mean,MFCC,0.008437753739967893,0.00965781356135946
85,Spectral contrast band 1 — mean,Spectral contrast,0.008270137348272671,0.00993577199264807
99,Spectral roll-off — SD,Spectral roll-off,0.008099165173086625,0.0038286874658276845
66,MFCC Δ² 1 — SD,MFCC Δ²,0.007750434802052231,0.0069637248422470405
26,MFCC Δ 0 — mean,MFCC Δ,0.007723764646068503,0.0059290393706144815
107,Tonnetz dimension 1 — SD,Tonnetz,0.007531303597656124,0.007583210768912366
93,Spectral contrast band 2 — SD,Spectral contrast,0.007322949338436771,0.008818930019517762
7,MFCC 7 — mean,MFCC,0.007257019724013655,0.006449416007470748
15,MFCC 2 — SD,MFCC,0.0072509160949619286,0.004822014690879777
109,Tonnetz dimension 3 — SD,Tonnetz,0.0072270059754759326,0.0038923674835538527
60,MFCC Δ² 8 — mean,MFCC Δ²,0.007174935517577599,0.0053002690747099195
91,Spectral contrast band 0 — SD,Spectral contrast,0.006948180874075954,0.0028670284224975814
44,MFCC Δ 5 — SD,MFCC Δ,0.006559922145157823,0.00612287039610124
83,Spectral flatness — SD,Spectral flatness,0.006531767142718753,0.004392738318504292
87,Spectral contrast band 3 — mean,Spectral contrast,0.006498049023538829,0.007470041658420684
47,MFCC Δ 8 — SD,MFCC Δ,0.006493323607375622,0.00880834708169858
59,MFCC Δ² 7 — mean,MFCC Δ²,0.006456023523897165,0.004639155124579092
89,Spectral contrast band 5 — mean,Spectral contrast,0.006229553951054745,0.0030341266717506736
71,MFCC Δ² 6 — SD,MFCC Δ²,0.006219749749697893,0.009498735422232117
125,Tempogram ratio bin 11 — mean,Tempogram ratio,0.006207905464390488,0.007663768161416743
39,MFCC Δ 0 — SD,MFCC Δ,0.006137130927529731,0.0021639024268385342
130,Tempogram ratio bin 3 — SD,Tempogram ratio,0.006051226743829699,0.004221657308435023
16,MFCC 3 — SD,MFCC,0.005974152448682752,0.005281004466642249
34,MFCC Δ 8 — mean,MFCC Δ,0.005693230481354032,0.0033495868553974593
30,MFCC Δ 4 — mean,MFCC Δ,0.005665234214065841,0.005147181970809766
68,MFCC Δ² 3 — SD,MFCC Δ²,0.004894640314306184,0.003180768433963994
18,MFCC 5 — SD,MFCC,0.0047649019772875115,0.004475154235743748
52,MFCC Δ² 0 — mean,MFCC Δ²,0.004757520526455937,0.004196214560454965
90,Spectral contrast band 6 — mean,Spectral contrast,0.004751998485638127,0.0057926582519888395
69,MFCC Δ² 4 — SD,MFCC Δ²,0.004687846772996502,0.007192892050222463
94,Spectral contrast band 3 — SD,Spectral contrast,0.004682339104517834,0.0034878927323881885
64,MFCC Δ² 12 — mean,MFCC Δ²,0.004674426074002263,0.0029542154115225114
112,Zero-crossing rate — mean,Zero-crossing rate,0.004561304325498327,0.004129011980880266
105,Tonnetz dimension 5 — mean,Tonnetz,0.004553574794097738,0.005266967524503942
49,MFCC Δ 10 — SD,MFCC Δ,0.0044962065874899594,0.005229661039966804
120,Tempogram ratio bin 6 — mean,Tempogram ratio,0.004479090005066677,0.004788581302320221
14,MFCC 1 — SD,MFCC,0.004346588937204465,0.00253451108537326
10,MFCC 10 — mean,MFCC,0.004239746382803078,0.0059276253287868135
74,MFCC Δ² 9 — SD,MFCC Δ²,0.004224546106485175,0.002618638146229515
67,MFCC Δ² 2 — SD,MFCC Δ²,0.0041537081347783,0.004242487755648147
56,MFCC Δ² 4 — mean,MFCC Δ²,0.004150878033591223,0.0028926923598088248
55,MFCC Δ² 3 — mean,MFCC Δ²,0.004145922761602557,0.00585371611291581
84,Spectral contrast band 0 — mean,Spectral contrast,0.004087142479806953,0.0032314282789068153
41,MFCC Δ 2 — SD,MFCC Δ,0.004077323841364949,0.005889488179694258
136,Tempogram ratio bin 9 — SD,Tempogram ratio,0.004031252529946886,0.0025648920716951707
17,MFCC 4 — SD,MFCC,0.00402714537659867,0.00413275159622421
12,MFCC 12 — mean,MFCC,0.003909268922739144,0.003013160594619072
38,MFCC Δ 12 — mean,MFCC Δ,0.0038877448390362682,0.0023785381990537877
73,MFCC Δ² 8 — SD,MFCC Δ²,0.003875659598814126,0.0038649569388127486
132,Tempogram ratio bin 5 — SD,Tempogram ratio,0.0038220988064041434,0.0030035255825979447
27,MFCC Δ 1 — mean,MFCC Δ,0.0037164380577589017,0.003336701445607361
8,MFCC 8 — mean,MFCC,0.003652806648299617,0.003964745119789969
113,Zero-crossing rate — SD,Zero-crossing rate,0.0036168653129350957,0.002703244999192503
98,Spectral roll-off — mean,Spectral roll-off,0.0034694874113957394,0.003623178809733533
11,MFCC 11 — mean,MFCC,0.0034169395605064753,0.0024775685521990706
95,Spectral contrast band 4 — SD,Spectral contrast,0.003414847970632199,0.00474802875057846
121,Tempogram ratio bin 7 — mean,Tempogram ratio,0.0034061699781736295,0.006666835012637732
133,Tempogram ratio bin 6 — SD,Tempogram ratio,0.003367633974708699,0.002198761962029898
31,MFCC Δ 5 — mean,MFCC Δ,0.0033241231098231237,0.0019480903207480301
131,Tempogram ratio bin 4 — SD,Tempogram ratio,0.0032161840721594164,0.0037461571578443383
45,MFCC Δ 6 — SD,MFCC Δ,0.003196904887942143,0.004991304933579902
138,Tempogram ratio bin 11 — SD,Tempogram ratio,0.003091636513431336,0.0032363593112929847
118,Tempogram ratio bin 4 — mean,Tempogram ratio,0.0030601158961760244,0.00491152509245531
42,MFCC Δ 3 — SD,MFCC Δ,0.0028855017812989357,0.002443916137434798
1,MFCC 1 — mean,MFCC,0.0028518111252949264,0.0026831497938950796
128,Tempogram ratio bin 1 — SD,Tempogram ratio,0.002812505810333668,0.0035437165785330805
46,MFCC Δ 7 — SD,MFCC Δ,0.0027909655955399276,0.0039684607654019415
21,MFCC 8 — SD,MFCC,0.002757576666206679,0.003947189560078573
22,MFCC 9 — SD,MFCC,0.0026194565649280514,0.0028724535167083867
77,MFCC Δ² 12 — SD,MFCC Δ²,0.0026138613950674574,0.0035955267419021672
6,MFCC 6 — mean,MFCC,0.002226753374920472,0.0014345473304645565
24,MFCC 11 — SD,MFCC,0.002218763967387645,0.002238320370094022
57,MFCC Δ² 5 — mean,MFCC Δ²,0.0022033695529790854,0.0031816221404528475
51,MFCC Δ 12 — SD,MFCC Δ,0.0021914073742883688,0.0023592918727018746
43,MFCC Δ 4 — SD,MFCC Δ,0.0021257717318210064,0.00325278791712193
65,MFCC Δ² 0 — SD,MFCC Δ²,0.0017681054887704107,0.0026086913631324605
115,Tempogram ratio bin 1 — mean,Tempogram ratio,0.0017413990253216099,0.0026491424376250206
116,Tempogram ratio bin 2 — mean,Tempogram ratio,0.0017228412424598598,0.0028344648648685783
48,MFCC Δ 9 — SD,MFCC Δ,0.0016099725677991006,0.0015471857414066986
40,MFCC Δ 1 — SD,MFCC Δ,0.0015282863854213092,0.0025006651102243076
70,MFCC Δ² 5 — SD,MFCC Δ²,0.0014038533060446669,0.00224643117668152
88,Spectral contrast band 4 — mean,Spectral contrast,0.0012448328291570828,0.0011812556812656524
50,MFCC Δ 11 — SD,MFCC Δ,0.0012165203079748815,0.001359790737039968
82,Spectral flatness — mean,Spectral flatness,0.0011346968674327519,0.0015550647486867021
122,Tempogram ratio bin 8 — mean,Tempogram ratio,0.000958956339565059,0.0013284040111920727
124,Tempogram ratio bin 10 — mean,Tempogram ratio,0.000905671282125716,0.0013295154885526823
19,MFCC 6 — SD,MFCC,0.0008668715806414064,0.0019383837820768756
23,MFCC 10 — SD,MFCC,0.0008380710469250805,0.0018739838308988958
80,Spectral bandwidth — mean,Spectral bandwidth,0.0007563786983901687,0.001691314186333228
117,Tempogram ratio bin 3 — mean,Tempogram ratio,0.0007477249333169985,0.001671963779368306
76,MFCC Δ² 11 — SD,MFCC Δ²,0.0006115156111904227,0.0013673904759241163
123,Tempogram ratio bin 9 — mean,Tempogram ratio,0.0006046574072943273,0.001352055065808893
129,Tempogram ratio bin 2 — SD,Tempogram ratio,0.0006037390537922601,0.0008286586740842844
126,Tempogram ratio bin 12 — mean,Tempogram ratio,0.0005418109189134178,0.0007433670137531929
72,MFCC Δ² 7 — SD,MFCC Δ²,0.0005150432401052976,0.0011516716962271913
78,Spectral centroid — mean,Spectral centroid,0.0004839051182984924,0.0010820447391755063
119,Tempogram ratio bin 5 — mean,Tempogram ratio,0.0,0.0
114,Tempogram ratio bin 0 — mean,Tempogram ratio,0.0,0.0
